Metric,Value
Load IOPS 1,8282.99
Load IOPS 2,14323.710000000001
Load IOPS 3,12226.42
Load IOPS 4,11774.13
Run IOPS 1,32321.709999999995
Run IOPS 2,59123.590000000004
Run IOPS 3,44248.78
Run IOPS 4,40267.29
