,SepHash,RACE,Plush,Clevel
1000,7.62,10.37,12.94,17.2
10000,5.885,8.511,10.558,15.955
100000,5.8074,19.2569,12.8966,16.1916
1000000,6.17387,18.2792,18.34294,16.2407
10000000,6.465636,16.462891,24.781709,16.183989