,SepHash,RACE,Plush,Clevel
1000,6.15507,17.89114,18.334,13.6819
10000,6.1498,18.33102,18.45172,16.38062
100000,6.2265,17.17522,19.11154,16.15405
1000000,6.07608,18.58117,22.47444,16.30189
10000000,5.96315,8.85521,34.07074,15.22447